gameweek,date,time,home_team,away_team,home_win_prob,draw_prob,away_win_prob,predicted_outcome,predicted_score,pred_home_goals,pred_away_goals,actual_score,status
1,2026-08-21,20:00,Arsenal,Coventry,76.7,15.4,7.9,Home Win,2 - 0,2,0,3 - 0,Played
1,2026-08-22,12:30,Hull,Manchester United,12.7,19.0,68.3,Away Win,0 - 1,0,1,2 - 0,Played
1,2026-08-22,15:00,Ipswich,Sunderland,29.7,27.1,43.2,Away Win,0 - 1,0,1,2 - 1,Played
1,2026-08-22,TBC,Nottingham Forest,Leeds,40.2,27.8,32.0,Draw,1 - 1,1,1,0 - 1,Played
1,2026-08-22,TBC,Everton,Crystal Palace,40.7,26.8,32.5,Draw,1 - 1,1,1,2 - 0,Played
1,2026-08-22,17:30,Brentford,Tottenham,50.8,24.1,25.1,Home Win,1 - 0,1,0,3 - 0,Played
1,2026-08-23,14:00,Manchester City,Bournemouth,66.0,19.4,14.6,Home Win,1 - 0,1,0,2 - 1,Played
1,2026-08-23,TBC,Brighton,Aston Villa,45.0,25.9,29.1,Home Win,1 - 0,1,0,4 - 0,Played
1,2026-08-23,16:30,Newcastle,Liverpool,26.7,25.4,47.9,Away Win,0 - 1,0,1,2 - 2,Played
1,2026-08-24,20:00,Fulham,Chelsea,31.1,26.6,42.3,Draw,1 - 1,1,1,2 - 3,Played
2,2026-08-28,20:00,Crystal Palace,Manchester City,18.4,22.5,59.1,Away Win,0 - 1,0,1,1 - 4,Played
2,2026-08-29,12:30,Liverpool,Nottingham Forest,62.7,20.5,16.8,Home Win,1 - 0,1,0,2 - 2,Played
2,2026-08-29,15:00,Bournemouth,Everton,49.1,25.0,25.9,Home Win,1 - 0,1,0,1 - 1,Played
2,2026-08-29,TBC,Coventry,Hull,49.0,24.9,26.1,Home Win,2 - 1,2,1,0 - 1,Played
2,2026-08-29,17:30,Tottenham,Newcastle,45.1,24.2,30.7,Home Win,1 - 0,1,0,0 - 2,Played
2,2026-08-30,14:00,Sunderland,Fulham,39.0,27.1,33.9,Draw,1 - 1,1,1,1 - 0,Played
2,2026-08-30,TBC,Chelsea,Brighton,45.5,25.2,29.3,Home Win,1 - 0,1,0,4 - 3,Played
2,2026-08-30,TBC,Leeds,Brentford,36.7,26.3,37.0,Draw,1 - 1,1,1,1 - 1,Played
2,2026-08-30,16:30,Manchester United,Ipswich,70.7,17.6,11.7,Home Win,1 - 0,1,0,5 - 2,Played
2,2026-08-31,20:00,Aston Villa,Arsenal,18.8,22.7,58.5,Away Win,0 - 1,0,1,0 - 1,Played
3,2026-09-04,20:00,Ipswich,Liverpool,16.2,20.7,63.1,Away Win,1 - 2,1,2,0 - 2,Played
3,2026-09-05,12:30,Newcastle,Bournemouth,46.0,25.1,28.9,Home Win,1 - 0,1,0,2 - 2,Played
3,2026-09-05,15:00,Nottingham Forest,Tottenham,39.3,26.9,33.8,Draw,1 - 1,1,1,0 - 0,Played
3,2026-09-05,TBC,Manchester City,Coventry,79.3,13.6,7.1,Home Win,2 - 0,2,0,1 - 0,Played
3,2026-09-05,TBC,Brighton,Leeds,51.2,24.5,24.3,Home Win,1 - 0,1,0,1 - 1,Played
3,2026-09-05,TBC,Brentford,Sunderland,57.6,23.2,19.2,Home Win,1 - 0,1,0,1 - 1,Played
3,2026-09-05,TBC,Fulham,Crystal Palace,48.1,25.4,26.5,Home Win,1 - 0,1,0,2 - 3,Played
3,2026-09-05,17:30,Hull,Aston Villa,26.0,24.4,49.6,Away Win,0 - 1,0,1,0 - 0,Played
3,2026-09-06,14:00,Everton,Manchester United,27.4,25.3,47.3,Away Win,0 - 1,0,1,2 - 2,Played
3,2026-09-06,16:30,Arsenal,Chelsea,60.5,22.1,17.4,Home Win,1 - 0,1,0,2 - 1,Played
4,2026-09-12,15:00,Crystal Palace,Ipswich,61.9,21.3,16.8,Home Win,1 - 0,1,0,-,Upcoming
4,2026-09-12,TBC,Liverpool,Fulham,58.1,22.7,19.2,Home Win,1 - 0,1,0,-,Upcoming
4,2026-09-12,TBC,Aston Villa,Nottingham Forest,47.8,24.8,27.4,Home Win,1 - 0,1,0,-,Upcoming
4,2026-09-12,TBC,Bournemouth,Brentford,50.3,23.5,26.2,Home Win,1 - 0,1,0,-,Upcoming
4,2026-09-12,TBC,Chelsea,Hull,60.5,22.2,17.3,Home Win,1 - 0,1,0,-,Upcoming
4,2026-09-12,17:30,Tottenham,Everton,44.9,23.8,31.3,Home Win,1 - 0,1,0,-,Upcoming
4,2026-09-12,20:00,Sunderland,Arsenal,23.8,21.4,54.8,Away Win,0 - 1,0,1,-,Upcoming
4,2026-09-13,14:00,Coventry,Brighton,21.8,22.0,56.2,Away Win,0 - 1,0,1,-,Upcoming
4,2026-09-13,16:30,Manchester United,Manchester City,34.6,24.1,41.3,Away Win,0 - 1,0,1,-,Upcoming
4,2026-09-14,20:00,Leeds,Newcastle,36.9,25.0,38.1,Away Win,0 - 1,0,1,-,Upcoming
5,2026-09-18,20:00,Brentford,Chelsea,41.0,25.4,33.6,Draw,1 - 1,1,1,-,Upcoming
5,2026-09-19,12:30,Tottenham,Aston Villa,42.0,23.4,34.6,Home Win,1 - 0,1,0,-,Upcoming
5,2026-09-19,15:00,Everton,Ipswich,61.5,21.6,16.9,Home Win,1 - 0,1,0,-,Upcoming
5,2026-09-19,TBC,Leeds,Crystal Palace,46.2,24.4,29.4,Home Win,1 - 0,1,0,-,Upcoming
5,2026-09-19,TBC,Brighton,Arsenal,29.3,23.6,47.1,Away Win,0 - 1,0,1,-,Upcoming
5,2026-09-19,TBC,Newcastle,Hull,62.6,21.4,16.0,Home Win,1 - 0,1,0,-,Upcoming
5,2026-09-19,17:30,Nottingham Forest,Coventry,62.8,21.3,15.9,Home Win,1 - 0,1,0,-,Upcoming
5,2026-09-20,14:00,Bournemouth,Liverpool,39.5,24.8,35.7,Home Win,1 - 0,1,0,-,Upcoming
5,2026-09-20,TBC,Manchester City,Sunderland,72.3,17.1,10.6,Home Win,1 - 0,1,0,-,Upcoming
5,2026-09-20,16:30,Fulham,Manchester United,36.9,24.2,38.9,Away Win,0 - 1,0,1,-,Upcoming
6,2026-10-10,12:30,Arsenal,Leeds,69.1,18.7,12.2,Home Win,1 - 0,1,0,-,Upcoming
6,2026-10-10,15:00,Sunderland,Brighton,35.6,24.4,40.0,Away Win,0 - 1,0,1,-,Upcoming
6,2026-10-10,TBC,Chelsea,Bournemouth,39.7,25.7,34.6,Draw,1 - 1,1,1,-,Upcoming
6,2026-10-10,TBC,Ipswich,Fulham,23.1,23.9,53.0,Away Win,0 - 1,0,1,-,Upcoming
6,2026-10-10,TBC,Aston Villa,Brentford,48.6,24.1,27.3,Home Win,1 - 0,1,0,-,Upcoming
6,2026-10-10,17:30,Manchester United,Tottenham,60.4,21.5,18.1,Home Win,1 - 0,1,0,-,Upcoming
6,2026-10-11,14:00,Hull,Everton,38.0,23.0,39.0,Away Win,0 - 1,0,1,-,Upcoming
6,2026-10-11,TBC,Crystal Palace,Nottingham Forest,35.8,26.2,38.0,Draw,1 - 1,1,1,-,Upcoming
6,2026-10-11,16:30,Liverpool,Manchester City,31.5,25.1,43.4,Draw,1 - 1,1,1,-,Upcoming
6,2026-10-12,20:00,Coventry,Newcastle,22.3,21.7,56.0,Away Win,0 - 1,0,1,-,Upcoming
7,2026-10-17,12:30,Everton,Chelsea,40.4,24.9,34.7,Home Win,1 - 0,1,0,-,Upcoming
7,2026-10-17,15:00,Fulham,Hull,59.5,22.0,18.5,Home Win,1 - 0,1,0,-,Upcoming
7,2026-10-17,TBC,Manchester City,Ipswich,76.0,15.7,8.3,Home Win,2 - 0,2,0,-,Upcoming
7,2026-10-17,TBC,Brentford,Liverpool,35.2,25.1,39.7,Draw,1 - 1,1,1,-,Upcoming
7,2026-10-17,17:30,Newcastle,Aston Villa,52.2,22.8,25.0,Home Win,1 - 0,1,0,-,Upcoming
7,2026-10-18,14:00,Bournemouth,Sunderland,59.0,21.9,19.1,Home Win,1 - 0,1,0,-,Upcoming
7,2026-10-18,TBC,Leeds,Manchester United,32.4,25.0,42.6,Draw,1 - 1,1,1,-,Upcoming
7,2026-10-18,TBC,Brighton,Crystal Palace,51.1,23.9,25.0,Home Win,1 - 0,1,0,-,Upcoming
7,2026-10-18,16:30,Nottingham Forest,Arsenal,23.6,22.9,53.5,Away Win,0 - 1,0,1,-,Upcoming
7,2026-10-19,20:00,Tottenham,Coventry,64.9,20.1,15.0,Home Win,1 - 0,1,0,-,Upcoming
8,2026-10-23,20:00,Ipswich,Nottingham Forest,21.4,23.5,55.1,Away Win,0 - 1,0,1,-,Upcoming
8,2026-10-24,12:30,Aston Villa,Manchester City,27.1,24.3,48.6,Away Win,0 - 1,0,1,-,Upcoming
8,2026-10-24,15:00,Liverpool,Brighton,54.0,23.0,23.0,Home Win,1 - 0,1,0,-,Upcoming
8,2026-10-24,TBC,Arsenal,Everton,67.4,19.3,13.3,Home Win,1 - 0,1,0,-,Upcoming
8,2026-10-24,TBC,Coventry,Fulham,25.3,23.4,51.3,Away Win,0 - 1,0,1,-,Upcoming
8,2026-10-24,17:30,Chelsea,Tottenham,55.3,23.2,21.5,Home Win,1 - 0,1,0,-,Upcoming
8,2026-10-25,14:00,Crystal Palace,Newcastle,37.2,24.6,38.2,Away Win,0 - 1,0,1,-,Upcoming
8,2026-10-25,TBC,Manchester United,Bournemouth,47.6,24.4,28.0,Home Win,1 - 0,1,0,-,Upcoming
8,2026-10-25,TBC,Hull,Brentford,38.1,22.3,39.6,Away Win,0 - 1,0,1,-,Upcoming
8,2026-10-25,16:30,Sunderland,Leeds,37.1,25.4,37.5,Draw,1 - 1,1,1,-,Upcoming
9,2026-10-31,12:30,Chelsea,Manchester United,40.8,25.1,34.1,Draw,1 - 1,1,1,-,Upcoming
9,2026-10-31,15:00,Manchester City,Brighton,65.7,19.6,14.7,Home Win,1 - 0,1,0,-,Upcoming
9,2026-10-31,TBC,Bournemouth,Leeds,54.5,22.9,22.6,Home Win,1 - 0,1,0,-,Upcoming
9,2026-10-31,TBC,Coventry,Sunderland,30.1,23.9,46.0,Away Win,0 - 1,0,1,-,Upcoming
9,2026-10-31,TBC,Hull,Ipswich,52.0,22.9,25.1,Home Win,1 - 0,1,0,-,Upcoming
9,2026-10-31,TBC,Brentford,Nottingham Forest,44.7,25.5,29.8,Home Win,1 - 0,1,0,-,Upcoming
9,2026-10-31,17:30,Tottenham,Crystal Palace,44.1,24.3,31.6,Home Win,1 - 0,1,0,-,Upcoming
9,2026-11-01,14:00,Aston Villa,Fulham,52.1,24.1,23.8,Home Win,1 - 0,1,0,-,Upcoming
9,2026-11-01,16:30,Liverpool,Arsenal,36.8,24.1,39.1,Away Win,0 - 1,0,1,-,Upcoming
9,2026-11-02,20:00,Newcastle,Everton,50.0,24.2,25.8,Home Win,1 - 0,1,0,-,Upcoming
10,2026-11-07,15:00,Arsenal,Hull,72.3,17.7,10.0,Home Win,2 - 0,2,0,-,Upcoming
10,2026-11-07,TBC,Nottingham Forest,Manchester City,21.2,22.9,55.9,Away Win,0 - 1,0,1,-,Upcoming
10,2026-11-07,TBC,Leeds,Tottenham,47.6,24.7,27.7,Home Win,1 - 0,1,0,-,Upcoming
10,2026-11-07,TBC,Fulham,Newcastle,45.8,22.9,31.3,Home Win,1 - 0,1,0,-,Upcoming
10,2026-11-07,TBC,Everton,Coventry,65.5,20.3,14.2,Home Win,1 - 0,1,0,-,Upcoming
10,2026-11-07,TBC,Crystal Palace,Liverpool,28.4,24.5,47.1,Away Win,0 - 1,0,1,-,Upcoming
10,2026-11-07,TBC,Sunderland,Chelsea,37.9,24.0,38.1,Away Win,0 - 1,0,1,-,Upcoming
10,2026-11-07,TBC,Ipswich,Bournemouth,18.2,21.9,59.9,Away Win,0 - 1,0,1,-,Upcoming
10,2026-11-07,TBC,Brighton,Brentford,48.3,23.9,27.8,Home Win,1 - 0,1,0,-,Upcoming
10,2026-11-07,TBC,Manchester United,Aston Villa,55.3,22.1,22.6,Home Win,1 - 0,1,0,-,Upcoming
11,2026-11-21,15:00,Chelsea,Leeds,51.1,24.0,24.9,Home Win,1 - 0,1,0,-,Upcoming
11,2026-11-21,TBC,Manchester City,Fulham,71.2,17.6,11.2,Home Win,1 - 0,1,0,-,Upcoming
11,2026-11-21,TBC,Aston Villa,Sunderland,57.1,22.6,20.3,Home Win,1 - 0,1,0,-,Upcoming
11,2026-11-21,TBC,Liverpool,Manchester United,46.1,24.9,29.0,Home Win,1 - 0,1,0,-,Upcoming
11,2026-11-21,TBC,Hull,Brighton,34.9,22.6,42.5,Away Win,0 - 1,0,1,-,Upcoming
11,2026-11-21,TBC,Bournemouth,Nottingham Forest,49.8,24.2,26.0,Home Win,1 - 0,1,0,-,Upcoming
11,2026-11-21,TBC,Tottenham,Ipswich,60.7,21.3,18.0,Home Win,1 - 0,1,0,-,Upcoming
11,2026-11-21,TBC,Brentford,Everton,46.4,25.0,28.6,Home Win,1 - 0,1,0,-,Upcoming
11,2026-11-21,TBC,Coventry,Crystal Palace,28.5,23.2,48.3,Away Win,0 - 1,0,1,-,Upcoming
11,2026-11-21,TBC,Newcastle,Arsenal,33.9,23.3,42.8,Away Win,0 - 1,0,1,-,Upcoming
12,2026-11-28,15:00,Leeds,Coventry,64.8,20.3,14.9,Home Win,1 - 0,1,0,-,Upcoming
12,2026-11-28,TBC,Ipswich,Aston Villa,21.9,22.3,55.8,Away Win,0 - 1,0,1,-,Upcoming
12,2026-11-28,TBC,Arsenal,Manchester City,48.6,24.2,27.2,Home Win,1 - 0,1,0,-,Upcoming
12,2026-11-28,TBC,Manchester United,Brentford,57.2,21.7,21.1,Home Win,1 - 0,1,0,-,Upcoming
12,2026-11-28,TBC,Everton,Liverpool,28.2,25.1,46.7,Away Win,0 - 1,0,1,-,Upcoming
12,2026-11-28,TBC,Fulham,Bournemouth,37.1,24.7,38.2,Away Win,0 - 1,0,1,-,Upcoming
12,2026-11-28,TBC,Nottingham Forest,Chelsea,38.0,25.2,36.8,Draw,1 - 1,1,1,-,Upcoming
12,2026-11-28,TBC,Brighton,Newcastle,49.8,23.2,27.0,Home Win,1 - 0,1,0,-,Upcoming
12,2026-11-28,TBC,Sunderland,Tottenham,43.8,24.6,31.6,Home Win,1 - 0,1,0,-,Upcoming
12,2026-11-28,TBC,Crystal Palace,Hull,55.6,23.6,20.8,Home Win,1 - 0,1,0,-,Upcoming
13,2026-12-02,20:00,Tottenham,Fulham,40.8,25.2,34.0,Draw,1 - 1,1,1,-,Upcoming
13,2026-12-02,TBC,Liverpool,Sunderland,61.4,21.4,17.2,Home Win,1 - 0,1,0,-,Upcoming
13,2026-12-02,TBC,Hull,Nottingham Forest,36.9,23.1,40.0,Away Win,0 - 1,0,1,-,Upcoming
13,2026-12-02,TBC,Chelsea,Crystal Palace,50.8,24.1,25.1,Home Win,1 - 0,1,0,-,Upcoming
13,2026-12-02,TBC,Aston Villa,Everton,48.7,24.8,26.5,Home Win,1 - 0,1,0,-,Upcoming
13,2026-12-02,TBC,Brentford,Arsenal,25.7,23.5,50.8,Away Win,0 - 1,0,1,-,Upcoming
13,2026-12-02,TBC,Coventry,Ipswich,42.7,24.6,32.7,Home Win,1 - 0,1,0,-,Upcoming
13,2026-12-02,TBC,Manchester City,Leeds,70.1,18.0,11.9,Home Win,1 - 0,1,0,-,Upcoming
13,2026-12-02,TBC,Newcastle,Manchester United,42.7,24.6,32.7,Home Win,1 - 0,1,0,-,Upcoming
13,2026-12-02,TBC,Bournemouth,Brighton,46.6,24.6,28.8,Home Win,1 - 0,1,0,-,Upcoming
14,2026-12-05,15:00,Tottenham,Arsenal,23.8,21.9,54.3,Away Win,0 - 1,0,1,-,Upcoming
14,2026-12-05,TBC,Manchester United,Coventry,71.7,17.7,10.6,Home Win,1 - 0,1,0,-,Upcoming
14,2026-12-05,TBC,Leeds,Ipswich,59.4,22.3,18.3,Home Win,1 - 0,1,0,-,Upcoming
14,2026-12-05,TBC,Newcastle,Sunderland,55.1,23.4,21.5,Home Win,1 - 0,1,0,-,Upcoming
14,2026-12-05,TBC,Chelsea,Liverpool,36.3,25.3,38.4,Draw,1 - 1,1,1,-,Upcoming
14,2026-12-05,TBC,Brentford,Manchester City,25.1,23.8,51.1,Away Win,0 - 1,0,1,-,Upcoming
14,2026-12-05,TBC,Bournemouth,Hull,62.7,21.5,15.8,Home Win,1 - 0,1,0,-,Upcoming
14,2026-12-05,TBC,Aston Villa,Crystal Palace,52.9,23.7,23.4,Home Win,1 - 0,1,0,-,Upcoming
14,2026-12-05,TBC,Nottingham Forest,Brighton,37.3,25.6,37.1,Draw,1 - 1,1,1,-,Upcoming
14,2026-12-05,TBC,Everton,Fulham,46.1,25.1,28.8,Home Win,1 - 0,1,0,-,Upcoming
15,2026-12-12,15:00,Sunderland,Nottingham Forest,35.2,25.5,39.3,Draw,1 - 1,1,1,-,Upcoming
15,2026-12-12,TBC,Crystal Palace,Manchester United,32.5,25.0,42.5,Away Win,0 - 1,0,1,-,Upcoming
15,2026-12-12,TBC,Hull,Tottenham,41.7,23.2,35.1,Home Win,1 - 0,1,0,-,Upcoming
15,2026-12-12,TBC,Brighton,Everton,49.9,24.0,26.1,Home Win,1 - 0,1,0,-,Upcoming
15,2026-12-12,TBC,Ipswich,Newcastle,21.0,21.9,57.1,Away Win,0 - 1,0,1,-,Upcoming
15,2026-12-12,TBC,Coventry,Aston Villa,24.3,21.8,53.9,Away Win,0 - 1,0,1,-,Upcoming
15,2026-12-12,TBC,Arsenal,Bournemouth,62.1,21.2,16.7,Home Win,1 - 0,1,0,-,Upcoming
15,2026-12-12,TBC,Manchester City,Chelsea,68.1,18.4,13.5,Home Win,1 - 0,1,0,-,Upcoming
15,2026-12-12,TBC,Liverpool,Leeds,56.3,22.9,20.8,Home Win,1 - 0,1,0,-,Upcoming
15,2026-12-12,TBC,Fulham,Brentford,44.5,23.6,31.9,Home Win,1 - 0,1,0,-,Upcoming
16,2026-12-19,15:00,Leeds,Fulham,45.1,25.1,29.8,Home Win,1 - 0,1,0,-,Upcoming
16,2026-12-19,TBC,Brighton,Ipswich,63.1,21.2,15.7,Home Win,1 - 0,1,0,-,Upcoming
16,2026-12-19,TBC,Nottingham Forest,Everton,40.4,25.7,33.9,Draw,1 - 1,1,1,-,Upcoming
16,2026-12-19,TBC,Brentford,Newcastle,46.3,24.0,29.7,Home Win,1 - 0,1,0,-,Upcoming
16,2026-12-19,TBC,Manchester City,Hull,72.8,17.4,9.8,Home Win,2 - 0,2,0,-,Upcoming
16,2026-12-19,TBC,Sunderland,Crystal Palace,42.8,24.3,32.9,Home Win,1 - 0,1,0,-,Upcoming
16,2026-12-19,TBC,Bournemouth,Coventry,70.6,18.1,11.3,Home Win,1 - 0,1,0,-,Upcoming
16,2026-12-19,TBC,Arsenal,Manchester United,62.1,21.1,16.8,Home Win,1 - 0,1,0,-,Upcoming
16,2026-12-19,TBC,Liverpool,Tottenham,62.0,21.1,16.9,Home Win,1 - 0,1,0,-,Upcoming
16,2026-12-19,TBC,Chelsea,Aston Villa,48.1,24.0,27.9,Home Win,1 - 0,1,0,-,Upcoming
17,2026-12-26,15:00,Aston Villa,Leeds,52.4,23.7,23.9,Home Win,1 - 0,1,0,-,Upcoming
17,2026-12-26,TBC,Manchester United,Nottingham Forest,52.7,23.7,23.6,Home Win,1 - 0,1,0,-,Upcoming
17,2026-12-26,TBC,Crystal Palace,Arsenal,21.2,22.2,56.6,Away Win,0 - 1,0,1,-,Upcoming
17,2026-12-26,TBC,Everton,Sunderland,49.3,24.5,26.2,Home Win,1 - 0,1,0,-,Upcoming
17,2026-12-26,TBC,Coventry,Chelsea,22.8,21.8,55.4,Away Win,0 - 1,0,1,-,Upcoming
17,2026-12-26,TBC,Newcastle,Manchester City,28.4,24.1,47.5,Away Win,0 - 1,0,1,-,Upcoming
17,2026-12-26,TBC,Fulham,Brighton,40.9,24.4,34.7,Home Win,1 - 0,1,0,-,Upcoming
17,2026-12-26,TBC,Tottenham,Bournemouth,33.3,24.8,41.9,Away Win,0 - 1,0,1,-,Upcoming
17,2026-12-26,TBC,Hull,Liverpool,28.2,21.7,50.1,Away Win,0 - 1,0,1,-,Upcoming
17,2026-12-26,TBC,Ipswich,Brentford,20.6,22.4,57.0,Away Win,0 - 1,0,1,-,Upcoming
18,2026-12-30,20:00,Fulham,Arsenal,27.5,22.4,50.1,Away Win,0 - 1,0,1,-,Upcoming
18,2026-12-30,TBC,Coventry,Brentford,24.4,22.3,53.3,Away Win,0 - 1,0,1,-,Upcoming
18,2026-12-30,TBC,Aston Villa,Liverpool,35.7,25.4,38.9,Draw,1 - 1,1,1,-,Upcoming
18,2026-12-30,TBC,Newcastle,Nottingham Forest,51.1,23.8,25.1,Home Win,1 - 0,1,0,-,Upcoming
18,2026-12-30,TBC,Hull,Leeds,38.5,23.2,38.3,Home Win,1 - 0,1,0,-,Upcoming
18,2026-12-30,TBC,Manchester United,Sunderland,61.6,21.1,17.3,Home Win,1 - 0,1,0,-,Upcoming
18,2026-12-30,TBC,Ipswich,Chelsea,19.4,22.0,58.6,Away Win,0 - 1,0,1,-,Upcoming
18,2026-12-30,TBC,Tottenham,Brighton,37.0,24.6,38.4,Away Win,0 - 1,0,1,-,Upcoming
18,2026-12-30,TBC,Everton,Manchester City,20.8,22.9,56.3,Away Win,0 - 1,0,1,-,Upcoming
18,2026-12-30,TBC,Crystal Palace,Bournemouth,29.5,25.5,45.0,Away Win,0 - 1,0,1,-,Upcoming
19,2027-01-02,15:00,Bournemouth,Aston Villa,50.9,23.2,25.9,Home Win,1 - 0,1,0,-,Upcoming
19,2027-01-02,TBC,Brentford,Crystal Palace,47.9,24.9,27.2,Home Win,1 - 0,1,0,-,Upcoming
19,2027-01-02,TBC,Leeds,Everton,40.6,25.5,33.9,Draw,1 - 1,1,1,-,Upcoming
19,2027-01-02,TBC,Arsenal,Ipswich,74.9,16.4,8.7,Home Win,2 - 0,2,0,-,Upcoming
19,2027-01-02,TBC,Sunderland,Hull,51.8,24.2,24.0,Home Win,1 - 0,1,0,-,Upcoming
19,2027-01-02,TBC,Liverpool,Coventry,72.2,17.6,10.2,Home Win,1 - 0,1,0,-,Upcoming
19,2027-01-02,TBC,Chelsea,Newcastle,46.9,24.0,29.1,Home Win,1 - 0,1,0,-,Upcoming
19,2027-01-02,TBC,Nottingham Forest,Fulham,41.8,25.9,32.3,Draw,1 - 1,1,1,-,Upcoming
19,2027-01-02,TBC,Brighton,Manchester United,42.9,24.4,32.7,Home Win,1 - 0,1,0,-,Upcoming
19,2027-01-02,TBC,Manchester City,Tottenham,72.6,17.0,10.4,Home Win,1 - 0,1,0,-,Upcoming
20,2027-01-06,20:00,Arsenal,Brentford,66.5,19.5,14.0,Home Win,1 - 0,1,0,-,Upcoming
20,2027-01-06,TBC,Leeds,Manchester City,21.6,22.8,55.6,Away Win,0 - 1,0,1,-,Upcoming
20,2027-01-06,TBC,Manchester United,Newcastle,53.1,22.8,24.1,Home Win,1 - 0,1,0,-,Upcoming
20,2027-01-06,TBC,Brighton,Bournemouth,41.0,25.2,33.8,Draw,1 - 1,1,1,-,Upcoming
20,2027-01-06,TBC,Nottingham Forest,Hull,54.5,24.0,21.5,Home Win,1 - 0,1,0,-,Upcoming
20,2027-01-06,TBC,Fulham,Tottenham,51.4,23.3,25.3,Home Win,1 - 0,1,0,-,Upcoming
20,2027-01-06,TBC,Everton,Aston Villa,42.6,24.5,32.9,Home Win,1 - 0,1,0,-,Upcoming
20,2027-01-06,TBC,Sunderland,Liverpool,26.1,23.7,50.2,Away Win,0 - 1,0,1,-,Upcoming
20,2027-01-06,TBC,Crystal Palace,Chelsea,33.6,25.2,41.2,Draw,1 - 1,1,1,-,Upcoming
20,2027-01-06,TBC,Ipswich,Coventry,47.9,24.4,27.7,Home Win,1 - 0,1,0,-,Upcoming
21,2027-01-16,15:00,Bournemouth,Ipswich,64.9,20.7,14.4,Home Win,1 - 0,1,0,-,Upcoming
21,2027-01-16,TBC,Manchester City,Nottingham Forest,67.5,19.1,13.4,Home Win,1 - 0,1,0,-,Upcoming
21,2027-01-16,TBC,Chelsea,Sunderland,55.7,23.0,21.3,Home Win,1 - 0,1,0,-,Upcoming
21,2027-01-16,TBC,Brentford,Brighton,41.4,25.5,33.1,Draw,1 - 1,1,1,-,Upcoming
21,2027-01-16,TBC,Aston Villa,Manchester United,38.7,25.6,35.7,Draw,1 - 1,1,1,-,Upcoming
21,2027-01-16,TBC,Tottenham,Leeds,46.1,23.7,30.2,Home Win,1 - 0,1,0,-,Upcoming
21,2027-01-16,TBC,Coventry,Everton,24.0,22.8,53.2,Away Win,0 - 1,0,1,-,Upcoming
21,2027-01-16,TBC,Liverpool,Crystal Palace,58.6,22.2,19.2,Home Win,1 - 0,1,0,-,Upcoming
21,2027-01-16,TBC,Hull,Arsenal,25.7,20.0,54.3,Away Win,0 - 1,0,1,-,Upcoming
21,2027-01-16,TBC,Newcastle,Fulham,55.0,23.1,21.9,Home Win,1 - 0,1,0,-,Upcoming
22,2027-01-23,15:00,Ipswich,Hull,38.4,25.7,35.9,Draw,1 - 1,1,1,-,Upcoming
22,2027-01-23,TBC,Everton,Brentford,42.2,24.6,33.2,Home Win,1 - 0,1,0,-,Upcoming
22,2027-01-23,TBC,Sunderland,Coventry,60.1,21.8,18.1,Home Win,1 - 0,1,0,-,Upcoming
22,2027-01-23,TBC,Nottingham Forest,Bournemouth,34.0,25.6,40.4,Draw,1 - 1,1,1,-,Upcoming
22,2027-01-23,TBC,Arsenal,Newcastle,67.7,18.8,13.5,Home Win,1 - 0,1,0,-,Upcoming
22,2027-01-23,TBC,Leeds,Chelsea,39.6,24.8,35.6,Home Win,1 - 0,1,0,-,Upcoming
22,2027-01-23,TBC,Fulham,Aston Villa,45.1,23.3,31.6,Home Win,1 - 0,1,0,-,Upcoming
22,2027-01-23,TBC,Manchester United,Liverpool,41.5,24.7,33.8,Home Win,1 - 0,1,0,-,Upcoming
22,2027-01-23,TBC,Brighton,Manchester City,28.9,23.9,47.2,Away Win,0 - 1,0,1,-,Upcoming
22,2027-01-23,TBC,Crystal Palace,Tottenham,46.0,25.0,29.0,Home Win,1 - 0,1,0,-,Upcoming
23,2027-01-30,15:00,Tottenham,Sunderland,51.0,23.0,26.0,Home Win,1 - 0,1,0,-,Upcoming
23,2027-01-30,TBC,Brentford,Manchester United,38.8,25.2,36.0,Draw,1 - 1,1,1,-,Upcoming
23,2027-01-30,TBC,Newcastle,Brighton,50.1,23.5,26.4,Home Win,1 - 0,1,0,-,Upcoming
23,2027-01-30,TBC,Hull,Crystal Palace,41.0,22.7,36.3,Home Win,1 - 0,1,0,-,Upcoming
23,2027-01-30,TBC,Coventry,Leeds,27.5,23.2,49.3,Away Win,0 - 1,0,1,-,Upcoming
23,2027-01-30,TBC,Bournemouth,Fulham,53.0,23.8,23.2,Home Win,1 - 0,1,0,-,Upcoming
23,2027-01-30,TBC,Chelsea,Nottingham Forest,47.0,25.0,28.0,Home Win,1 - 0,1,0,-,Upcoming
23,2027-01-30,TBC,Liverpool,Everton,53.2,23.9,22.9,Home Win,1 - 0,1,0,-,Upcoming
23,2027-01-30,TBC,Manchester City,Arsenal,51.7,22.7,25.6,Home Win,1 - 0,1,0,-,Upcoming
23,2027-01-30,TBC,Aston Villa,Ipswich,63.4,21.2,15.4,Home Win,1 - 0,1,0,-,Upcoming
24,2027-02-06,15:00,Arsenal,Liverpool,57.6,22.4,20.0,Home Win,1 - 0,1,0,-,Upcoming
24,2027-02-06,TBC,Brighton,Hull,61.5,21.8,16.7,Home Win,1 - 0,1,0,-,Upcoming
24,2027-02-06,TBC,Sunderland,Aston Villa,37.0,24.3,38.7,Away Win,0 - 1,0,1,-,Upcoming
24,2027-02-06,TBC,Crystal Palace,Coventry,64.5,20.5,15.0,Home Win,1 - 0,1,0,-,Upcoming
24,2027-02-06,TBC,Ipswich,Tottenham,27.6,24.5,47.9,Away Win,0 - 1,0,1,-,Upcoming
24,2027-02-06,TBC,Everton,Newcastle,37.5,25.3,37.2,Draw,1 - 1,1,1,-,Upcoming
24,2027-02-06,TBC,Fulham,Manchester City,25.4,22.8,51.8,Away Win,0 - 1,0,1,-,Upcoming
24,2027-02-06,TBC,Leeds,Bournemouth,37.2,24.9,37.9,Away Win,0 - 1,0,1,-,Upcoming
24,2027-02-06,TBC,Manchester United,Chelsea,54.2,22.4,23.4,Home Win,1 - 0,1,0,-,Upcoming
24,2027-02-06,TBC,Nottingham Forest,Brentford,40.9,24.8,34.3,Home Win,1 - 0,1,0,-,Upcoming
25,2027-02-10,20:00,Everton,Leeds,42.7,25.5,31.8,Draw,1 - 1,1,1,-,Upcoming
25,2027-02-10,TBC,Coventry,Liverpool,16.8,20.2,63.0,Away Win,0 - 1,0,1,-,Upcoming
25,2027-02-10,TBC,Hull,Sunderland,41.7,23.5,34.8,Home Win,1 - 0,1,0,-,Upcoming
25,2027-02-10,TBC,Aston Villa,Bournemouth,41.9,25.4,32.7,Draw,1 - 1,1,1,-,Upcoming
25,2027-02-10,TBC,Crystal Palace,Brentford,35.3,25.3,39.4,Draw,1 - 1,1,1,-,Upcoming
25,2027-02-10,TBC,Newcastle,Chelsea,51.6,23.0,25.4,Home Win,1 - 0,1,0,-,Upcoming
25,2027-02-10,TBC,Fulham,Nottingham Forest,44.3,24.5,31.2,Home Win,1 - 0,1,0,-,Upcoming
25,2027-02-10,TBC,Tottenham,Manchester City,22.5,22.2,55.3,Away Win,0 - 1,0,1,-,Upcoming
25,2027-02-10,TBC,Manchester United,Brighton,53.3,22.8,23.9,Home Win,1 - 0,1,0,-,Upcoming
25,2027-02-10,TBC,Ipswich,Arsenal,13.9,18.4,67.7,Away Win,0 - 1,0,1,-,Upcoming
26,2027-02-20,15:00,Manchester City,Newcastle,67.5,18.7,13.8,Home Win,1 - 0,1,0,-,Upcoming
26,2027-02-20,TBC,Bournemouth,Crystal Palace,53.6,23.4,23.0,Home Win,1 - 0,1,0,-,Upcoming
26,2027-02-20,TBC,Brentford,Coventry,67.3,19.6,13.1,Home Win,1 - 0,1,0,-,Upcoming
26,2027-02-20,TBC,Chelsea,Ipswich,61.9,22.0,16.1,Home Win,1 - 0,1,0,-,Upcoming
26,2027-02-20,TBC,Liverpool,Hull,65.0,20.7,14.3,Home Win,1 - 0,1,0,-,Upcoming
26,2027-02-20,TBC,Arsenal,Fulham,67.5,19.6,12.9,Home Win,1 - 0,1,0,-,Upcoming
26,2027-02-20,TBC,Nottingham Forest,Manchester United,32.7,25.3,42.0,Draw,1 - 1,1,1,-,Upcoming
26,2027-02-20,TBC,Brighton,Tottenham,55.1,23.0,21.9,Home Win,1 - 0,1,0,-,Upcoming
26,2027-02-20,TBC,Sunderland,Everton,36.1,25.3,38.6,Draw,1 - 1,1,1,-,Upcoming
26,2027-02-20,TBC,Leeds,Aston Villa,42.0,24.2,33.8,Home Win,1 - 0,1,0,-,Upcoming
27,2027-02-27,15:00,Crystal Palace,Sunderland,49.4,23.8,26.8,Home Win,1 - 0,1,0,-,Upcoming
27,2027-02-27,TBC,Manchester United,Arsenal,37.0,23.3,39.7,Away Win,0 - 1,0,1,-,Upcoming
27,2027-02-27,TBC,Ipswich,Brighton,18.3,22.0,59.7,Away Win,0 - 1,0,1,-,Upcoming
27,2027-02-27,TBC,Coventry,Bournemouth,19.4,21.6,59.0,Away Win,0 - 1,0,1,-,Upcoming
27,2027-02-27,TBC,Everton,Nottingham Forest,41.5,25.7,32.8,Draw,1 - 1,1,1,-,Upcoming
27,2027-02-27,TBC,Fulham,Leeds,49.0,23.5,27.5,Home Win,1 - 0,1,0,-,Upcoming
27,2027-02-27,TBC,Aston Villa,Chelsea,46.3,24.6,29.1,Home Win,1 - 0,1,0,-,Upcoming
27,2027-02-27,TBC,Tottenham,Liverpool,29.8,23.8,46.4,Away Win,0 - 1,0,1,-,Upcoming
27,2027-02-27,TBC,Newcastle,Brentford,53.7,22.4,23.9,Home Win,1 - 0,1,0,-,Upcoming
27,2027-02-27,TBC,Hull,Manchester City,23.1,20.1,56.8,Away Win,0 - 1,0,1,-,Upcoming
28,2027-03-03,20:00,Nottingham Forest,Newcastle,37.3,25.2,37.5,Draw,1 - 1,1,1,-,Upcoming
28,2027-03-03,TBC,Bournemouth,Tottenham,56.9,22.6,20.5,Home Win,1 - 0,1,0,-,Upcoming
28,2027-03-03,TBC,Manchester City,Everton,67.7,19.0,13.3,Home Win,1 - 0,1,0,-,Upcoming
28,2027-03-03,TBC,Arsenal,Crystal Palace,68.4,18.9,12.7,Home Win,1 - 0,1,0,-,Upcoming
28,2027-03-03,TBC,Leeds,Hull,54.4,24.0,21.6,Home Win,1 - 0,1,0,-,Upcoming
28,2027-03-03,TBC,Sunderland,Manchester United,28.6,24.2,47.2,Away Win,0 - 1,0,1,-,Upcoming
28,2027-03-03,TBC,Liverpool,Aston Villa,56.3,22.2,21.5,Home Win,1 - 0,1,0,-,Upcoming
28,2027-03-03,TBC,Brighton,Fulham,50.0,24.6,25.4,Home Win,1 - 0,1,0,-,Upcoming
28,2027-03-03,TBC,Brentford,Ipswich,63.2,21.2,15.6,Home Win,1 - 0,1,0,-,Upcoming
28,2027-03-03,TBC,Chelsea,Coventry,68.7,19.1,12.2,Home Win,1 - 0,1,0,-,Upcoming
29,2027-03-13,15:00,Leeds,Brighton,39.7,24.8,35.5,Home Win,1 - 0,1,0,-,Upcoming
29,2027-03-13,TBC,Tottenham,Nottingham Forest,39.2,25.1,35.7,Draw,1 - 1,1,1,-,Upcoming
29,2027-03-13,TBC,Crystal Palace,Fulham,40.3,26.0,33.7,Draw,1 - 1,1,1,-,Upcoming
29,2027-03-13,TBC,Liverpool,Ipswich,68.5,19.2,12.3,Home Win,1 - 0,1,0,-,Upcoming
29,2027-03-13,TBC,Coventry,Manchester City,13.8,18.3,67.9,Away Win,0 - 1,0,1,-,Upcoming
29,2027-03-13,TBC,Bournemouth,Newcastle,50.1,23.3,26.6,Home Win,1 - 0,1,0,-,Upcoming
29,2027-03-13,TBC,Chelsea,Arsenal,26.5,23.5,50.0,Away Win,0 - 1,0,1,-,Upcoming
29,2027-03-13,TBC,Aston Villa,Hull,59.3,22.8,17.9,Home Win,1 - 0,1,0,-,Upcoming
29,2027-03-13,TBC,Manchester United,Everton,54.4,23.0,22.6,Home Win,1 - 0,1,0,-,Upcoming
29,2027-03-13,TBC,Sunderland,Brentford,38.2,24.1,37.7,Home Win,1 - 0,1,0,-,Upcoming
30,2027-03-20,15:00,Brentford,Bournemouth,39.8,25.5,34.7,Draw,1 - 1,1,1,-,Upcoming
30,2027-03-20,TBC,Brighton,Coventry,68.9,18.9,12.2,Home Win,1 - 0,1,0,-,Upcoming
30,2027-03-20,TBC,Manchester City,Manchester United,61.6,21.0,17.4,Home Win,1 - 0,1,0,-,Upcoming
30,2027-03-20,TBC,Ipswich,Crystal Palace,24.8,23.8,51.4,Away Win,0 - 1,0,1,-,Upcoming
30,2027-03-20,TBC,Arsenal,Sunderland,71.7,17.6,10.7,Home Win,1 - 0,1,0,-,Upcoming
30,2027-03-20,TBC,Fulham,Liverpool,34.3,23.8,41.9,Away Win,0 - 1,0,1,-,Upcoming
30,2027-03-20,TBC,Hull,Chelsea,35.7,22.4,41.9,Away Win,0 - 1,0,1,-,Upcoming
30,2027-03-20,TBC,Nottingham Forest,Aston Villa,39.6,24.8,35.6,Home Win,1 - 0,1,0,-,Upcoming
30,2027-03-20,TBC,Everton,Tottenham,49.9,24.4,25.7,Home Win,1 - 0,1,0,-,Upcoming
30,2027-03-20,TBC,Newcastle,Leeds,52.3,23.7,24.0,Home Win,1 - 0,1,0,-,Upcoming
31,2027-04-10,15:00,Sunderland,Ipswich,54.6,23.5,21.9,Home Win,1 - 0,1,0,-,Upcoming
31,2027-04-10,TBC,Leeds,Nottingham Forest,39.7,25.8,34.5,Draw,1 - 1,1,1,-,Upcoming
31,2027-04-10,TBC,Manchester United,Hull,64.3,20.8,14.9,Home Win,1 - 0,1,0,-,Upcoming
31,2027-04-10,TBC,Chelsea,Fulham,49.4,24.8,25.8,Home Win,1 - 0,1,0,-,Upcoming
31,2027-04-10,TBC,Liverpool,Newcastle,53.1,23.2,23.7,Home Win,1 - 0,1,0,-,Upcoming
31,2027-04-10,TBC,Coventry,Arsenal,16.2,18.7,65.1,Away Win,0 - 1,0,1,-,Upcoming
31,2027-04-10,TBC,Bournemouth,Manchester City,29.2,24.2,46.6,Away Win,0 - 1,0,1,-,Upcoming
31,2027-04-10,TBC,Crystal Palace,Everton,38.7,25.5,35.8,Draw,1 - 1,1,1,-,Upcoming
31,2027-04-10,TBC,Tottenham,Brentford,41.7,23.8,34.5,Home Win,1 - 0,1,0,-,Upcoming
31,2027-04-10,TBC,Aston Villa,Brighton,45.2,25.1,29.7,Home Win,1 - 0,1,0,-,Upcoming
32,2027-04-17,15:00,Brighton,Chelsea,45.9,24.3,29.8,Home Win,1 - 0,1,0,-,Upcoming
32,2027-04-17,TBC,Fulham,Sunderland,55.2,22.0,22.8,Home Win,1 - 0,1,0,-,Upcoming
32,2027-04-17,TBC,Brentford,Leeds,48.9,24.4,26.7,Home Win,1 - 0,1,0,-,Upcoming
32,2027-04-17,TBC,Nottingham Forest,Liverpool,28.6,24.9,46.5,Away Win,0 - 1,0,1,-,Upcoming
32,2027-04-17,TBC,Hull,Coventry,59.5,20.8,19.7,Home Win,1 - 0,1,0,-,Upcoming
32,2027-04-17,TBC,Arsenal,Aston Villa,68.0,18.7,13.3,Home Win,1 - 0,1,0,-,Upcoming
32,2027-04-17,TBC,Ipswich,Manchester United,18.4,21.3,60.3,Away Win,0 - 1,0,1,-,Upcoming
32,2027-04-17,TBC,Manchester City,Crystal Palace,71.2,17.4,11.4,Home Win,1 - 0,1,0,-,Upcoming
32,2027-04-17,TBC,Newcastle,Tottenham,60.0,21.4,18.6,Home Win,1 - 0,1,0,-,Upcoming
32,2027-04-17,TBC,Everton,Bournemouth,35.9,25.4,38.7,Draw,1 - 1,1,1,-,Upcoming
33,2027-04-24,15:00,Chelsea,Manchester City,25.6,24.0,50.4,Away Win,0 - 1,0,1,-,Upcoming
33,2027-04-24,TBC,Bournemouth,Arsenal,31.3,23.7,45.0,Away Win,0 - 1,0,1,-,Upcoming
33,2027-04-24,TBC,Tottenham,Hull,57.0,22.6,20.4,Home Win,1 - 0,1,0,-,Upcoming
33,2027-04-24,TBC,Manchester United,Crystal Palace,58.4,21.9,19.7,Home Win,1 - 0,1,0,-,Upcoming
33,2027-04-24,TBC,Everton,Brighton,40.9,24.8,34.3,Home Win,1 - 0,1,0,-,Upcoming
33,2027-04-24,TBC,Nottingham Forest,Sunderland,49.3,24.3,26.4,Home Win,1 - 0,1,0,-,Upcoming
33,2027-04-24,TBC,Newcastle,Ipswich,66.8,19.7,13.5,Home Win,1 - 0,1,0,-,Upcoming
33,2027-04-24,TBC,Aston Villa,Coventry,67.9,19.4,12.7,Home Win,1 - 0,1,0,-,Upcoming
33,2027-04-24,TBC,Brentford,Fulham,46.0,25.7,28.3,Home Win,1 - 0,1,0,-,Upcoming
33,2027-04-24,TBC,Leeds,Liverpool,29.4,24.7,45.9,Away Win,0 - 1,0,1,-,Upcoming
34,2027-05-01,15:00,Sunderland,Newcastle,32.5,24.7,42.8,Away Win,0 - 1,0,1,-,Upcoming
34,2027-05-01,TBC,Brighton,Nottingham Forest,48.5,24.4,27.1,Home Win,1 - 0,1,0,-,Upcoming
34,2027-05-01,TBC,Coventry,Manchester United,19.6,21.2,59.2,Away Win,0 - 1,0,1,-,Upcoming
34,2027-05-01,TBC,Hull,Bournemouth,34.2,22.3,43.5,Away Win,0 - 1,0,1,-,Upcoming
34,2027-05-01,TBC,Manchester City,Brentford,70.4,17.6,12.0,Home Win,1 - 0,1,0,-,Upcoming
34,2027-05-01,TBC,Fulham,Everton,45.4,24.2,30.4,Home Win,1 - 0,1,0,-,Upcoming
34,2027-05-01,TBC,Liverpool,Chelsea,53.9,23.0,23.1,Home Win,1 - 0,1,0,-,Upcoming
34,2027-05-01,TBC,Arsenal,Tottenham,71.1,17.9,11.0,Home Win,1 - 0,1,0,-,Upcoming
34,2027-05-01,TBC,Crystal Palace,Aston Villa,39.5,24.5,36.0,Home Win,1 - 0,1,0,-,Upcoming
34,2027-05-01,TBC,Ipswich,Leeds,25.3,23.8,50.9,Away Win,0 - 1,0,1,-,Upcoming
35,2027-05-08,15:00,Manchester City,Liverpool,58.3,21.9,19.8,Home Win,1 - 0,1,0,-,Upcoming
35,2027-05-08,TBC,Leeds,Arsenal,24.8,22.5,52.7,Away Win,0 - 1,0,1,-,Upcoming
35,2027-05-08,TBC,Fulham,Ipswich,61.9,21.0,17.1,Home Win,1 - 0,1,0,-,Upcoming
35,2027-05-08,TBC,Nottingham Forest,Crystal Palace,44.0,25.2,30.8,Home Win,1 - 0,1,0,-,Upcoming
35,2027-05-08,TBC,Brentford,Aston Villa,47.2,24.0,28.8,Home Win,1 - 0,1,0,-,Upcoming
35,2027-05-08,TBC,Newcastle,Coventry,71.1,18.0,10.9,Home Win,1 - 0,1,0,-,Upcoming
35,2027-05-08,TBC,Brighton,Sunderland,58.7,21.8,19.5,Home Win,1 - 0,1,0,-,Upcoming
35,2027-05-08,TBC,Tottenham,Chelsea,37.7,24.3,38.0,Away Win,0 - 1,0,1,-,Upcoming
35,2027-05-08,TBC,Everton,Hull,56.1,23.5,20.4,Home Win,1 - 0,1,0,-,Upcoming
35,2027-05-08,TBC,Bournemouth,Manchester United,43.2,24.6,32.2,Home Win,1 - 0,1,0,-,Upcoming
36,2027-05-15,15:00,Hull,Fulham,41.2,23.0,35.8,Home Win,1 - 0,1,0,-,Upcoming
36,2027-05-15,TBC,Manchester United,Leeds,57.3,22.2,20.5,Home Win,1 - 0,1,0,-,Upcoming
36,2027-05-15,TBC,Crystal Palace,Brighton,32.8,25.6,41.6,Draw,1 - 1,1,1,-,Upcoming
36,2027-05-15,TBC,Aston Villa,Newcastle,46.1,24.5,29.4,Home Win,1 - 0,1,0,-,Upcoming
36,2027-05-15,TBC,Chelsea,Everton,48.7,24.6,26.7,Home Win,1 - 0,1,0,-,Upcoming
36,2027-05-15,TBC,Coventry,Tottenham,29.4,23.8,46.8,Away Win,0 - 1,0,1,-,Upcoming
36,2027-05-15,TBC,Sunderland,Bournemouth,34.0,24.4,41.6,Away Win,0 - 1,0,1,-,Upcoming
36,2027-05-15,TBC,Liverpool,Brentford,57.3,22.0,20.7,Home Win,1 - 0,1,0,-,Upcoming
36,2027-05-15,TBC,Ipswich,Manchester City,13.0,18.3,68.7,Away Win,0 - 1,0,1,-,Upcoming
36,2027-05-15,TBC,Arsenal,Nottingham Forest,66.6,19.8,13.6,Home Win,1 - 0,1,0,-,Upcoming
37,2027-05-23,15:00,Brentford,Hull,59.1,22.7,18.2,Home Win,1 - 0,1,0,-,Upcoming
37,2027-05-23,TBC,Newcastle,Crystal Palace,56.3,22.4,21.3,Home Win,1 - 0,1,0,-,Upcoming
37,2027-05-23,TBC,Tottenham,Manchester United,33.9,24.1,42.0,Away Win,0 - 1,0,1,-,Upcoming
37,2027-05-23,TBC,Leeds,Sunderland,46.8,25.0,28.2,Home Win,1 - 0,1,0,-,Upcoming
37,2027-05-23,TBC,Brighton,Liverpool,38.9,24.6,36.5,Home Win,1 - 0,1,0,-,Upcoming
37,2027-05-23,TBC,Nottingham Forest,Ipswich,59.0,22.4,18.6,Home Win,1 - 0,1,0,-,Upcoming
37,2027-05-23,TBC,Bournemouth,Chelsea,46.3,24.5,29.2,Home Win,1 - 0,1,0,-,Upcoming
37,2027-05-23,TBC,Fulham,Coventry,66.2,19.7,14.1,Home Win,1 - 0,1,0,-,Upcoming
37,2027-05-23,TBC,Everton,Arsenal,25.1,22.8,52.1,Away Win,0 - 1,0,1,-,Upcoming
37,2027-05-23,TBC,Manchester City,Aston Villa,69.0,18.1,12.9,Home Win,1 - 0,1,0,-,Upcoming
38,2027-05-30,16:00,Ipswich,Everton,22.2,23.2,54.6,Away Win,0 - 1,0,1,-,Upcoming
38,2027-05-30,TBC,Arsenal,Brighton,63.5,20.8,15.7,Home Win,1 - 0,1,0,-,Upcoming
38,2027-05-30,TBC,Liverpool,Bournemouth,50.9,23.8,25.3,Home Win,1 - 0,1,0,-,Upcoming
38,2027-05-30,TBC,Coventry,Nottingham Forest,22.4,23.1,54.5,Away Win,0 - 1,0,1,-,Upcoming
38,2027-05-30,TBC,Aston Villa,Tottenham,54.3,23.5,22.2,Home Win,1 - 0,1,0,-,Upcoming
38,2027-05-30,TBC,Hull,Newcastle,35.0,22.4,42.6,Away Win,0 - 1,0,1,-,Upcoming
38,2027-05-30,TBC,Manchester United,Fulham,57.6,22.3,20.1,Home Win,1 - 0,1,0,-,Upcoming
38,2027-05-30,TBC,Sunderland,Manchester City,19.6,21.6,58.8,Away Win,0 - 1,0,1,-,Upcoming
38,2027-05-30,TBC,Chelsea,Brentford,45.2,24.8,30.0,Home Win,1 - 0,1,0,-,Upcoming
38,2027-05-30,TBC,Crystal Palace,Leeds,43.4,24.8,31.8,Home Win,1 - 0,1,0,-,Upcoming
